Time of Scrape,Player Name,Team,Position,Game Start Date,Opponent,Strikeout Predictions
2023-06-23 00:02:56,AJ Smith-Shawver,ATL,P,"Jun 23, 2023",CIN,4.5
2023-06-23 00:02:56,Luke Weaver,CIN,P,"Jun 23, 2023",ATL,3.5
2023-06-23 00:02:57,Kenta Maeda,MIN,P,"Jun 23, 2023",DET,4.5
2023-06-23 00:02:57,Joey Wentz,DET,P,"Jun 23, 2023",MIN,5.0
2023-06-23 00:02:57,Luis Ortiz,PIT,P,"Jun 23, 2023",MIA,4.0
2023-06-23 00:02:57,Jes˙s Luzardo,MIA,P,"Jun 23, 2023",PIT,6.0
2023-06-23 00:02:57,Wade Miley,MIL,P,"Jun 23, 2023",CLE,3.0
2023-06-23 00:02:57,Shane Bieber,CLE,P,"Jun 23, 2023",MIL,6.0
2023-06-23 00:02:57,Patrick Sandoval,LAA,P,"Jun 23, 2023",COL,5.0
2023-06-23 00:02:57,Kyle Freeland,COL,P,"Jun 23, 2023",LAA,3.5
2023-06-23 00:02:57,J.P. France,HOU,P,"Jun 23, 2023",LAD,4.5
2023-06-23 00:02:57,Emmet Sheehan,LAD,P,"Jun 23, 2023",HOU,4.5
2023-06-23 00:02:57,Zach Davies,ARI,P,"Jun 23, 2023",SF,3.0
2023-06-23 00:02:57,Logan Webb,SF,P,"Jun 23, 2023",ARI,5.0
2023-06-23 00:11:38,AJ Smith-Shawver,ATL,P,"Jun 23, 2023",CIN,4.5
2023-06-23 00:11:38,Luke Weaver,CIN,P,"Jun 23, 2023",ATL,3.5
2023-06-23 00:11:38,Kenta Maeda,MIN,P,"Jun 23, 2023",DET,4.5
2023-06-23 00:11:38,Joey Wentz,DET,P,"Jun 23, 2023",MIN,5.0
2023-06-23 00:11:38,Luis Ortiz,PIT,P,"Jun 23, 2023",MIA,4.0
2023-06-23 00:11:38,Jes˙s Luzardo,MIA,P,"Jun 23, 2023",PIT,6.0
2023-06-23 00:11:38,Wade Miley,MIL,P,"Jun 23, 2023",CLE,3.0
2023-06-23 00:11:38,Shane Bieber,CLE,P,"Jun 23, 2023",MIL,6.0
2023-06-23 00:11:38,Patrick Sandoval,LAA,P,"Jun 23, 2023",COL,5.0
2023-06-23 00:11:38,Kyle Freeland,COL,P,"Jun 23, 2023",LAA,3.5
2023-06-23 00:11:38,Patrick Corbin,WSH,P,"Jun 23, 2023",SD,4.0
2023-06-23 00:11:38,Joe Musgrove,SD,P,"Jun 23, 2023",WSH,5.0
2023-06-23 00:11:38,J.P. France,HOU,P,"Jun 23, 2023",LAD,4.5
2023-06-23 00:11:38,Emmet Sheehan,LAD,P,"Jun 23, 2023",HOU,4.5
2023-06-23 00:11:38,Zach Davies,ARI,P,"Jun 23, 2023",SF,3.0
2023-06-23 00:11:38,Logan Webb,SF,P,"Jun 23, 2023",ARI,5.0
2023-06-23 00:12:36,AJ Smith-Shawver,ATL,P,"Jun 23, 2023",CIN,4.5
2023-06-23 00:12:36,Luke Weaver,CIN,P,"Jun 23, 2023",ATL,3.5
2023-06-23 00:12:36,Kenta Maeda,MIN,P,"Jun 23, 2023",DET,4.5
2023-06-23 00:12:36,Joey Wentz,DET,P,"Jun 23, 2023",MIN,5.0
2023-06-23 00:12:37,Luis Ortiz,PIT,P,"Jun 23, 2023",MIA,4.0
2023-06-23 00:12:37,Jes˙s Luzardo,MIA,P,"Jun 23, 2023",PIT,6.0
2023-06-23 00:12:37,Wade Miley,MIL,P,"Jun 23, 2023",CLE,3.0
2023-06-23 00:12:37,Shane Bieber,CLE,P,"Jun 23, 2023",MIL,6.0
2023-06-23 00:12:37,Patrick Sandoval,LAA,P,"Jun 23, 2023",COL,5.0
2023-06-23 00:12:37,Kyle Freeland,COL,P,"Jun 23, 2023",LAA,3.5
2023-06-23 00:12:37,Patrick Corbin,WSH,P,"Jun 23, 2023",SD,4.0
2023-06-23 00:12:37,Joe Musgrove,SD,P,"Jun 23, 2023",WSH,5.0
2023-06-23 00:12:38,J.P. France,HOU,P,"Jun 23, 2023",LAD,4.5
2023-06-23 00:12:38,Emmet Sheehan,LAD,P,"Jun 23, 2023",HOU,4.5
2023-06-23 00:12:38,Zach Davies,ARI,P,"Jun 23, 2023",SF,3.0
2023-06-23 00:12:38,Logan Webb,SF,P,"Jun 23, 2023",ARI,5.0
2023-06-23 00:29:30,AJ Smith-Shawver,ATL,P,"Jun 23, 2023",CIN,4.5
2023-06-23 00:29:30,Luke Weaver,CIN,P,"Jun 23, 2023",ATL,3.5
2023-06-23 00:29:30,Kenta Maeda,MIN,P,"Jun 23, 2023",DET,4.5
2023-06-23 00:29:30,Joey Wentz,DET,P,"Jun 23, 2023",MIN,5.0
2023-06-23 00:29:30,Luis Ortiz,PIT,P,"Jun 23, 2023",MIA,4.0
2023-06-23 00:29:30,Jes√∫s Luzardo,MIA,P,"Jun 23, 2023",PIT,6.0
2023-06-23 00:29:30,Wade Miley,MIL,P,"Jun 23, 2023",CLE,3.0
2023-06-23 00:29:31,Shane Bieber,CLE,P,"Jun 23, 2023",MIL,6.0
2023-06-23 00:29:31,Patrick Sandoval,LAA,P,"Jun 23, 2023",COL,5.0
2023-06-23 00:29:31,Kyle Freeland,COL,P,"Jun 23, 2023",LAA,3.5
2023-06-23 00:29:31,Patrick Corbin,WSH,P,"Jun 23, 2023",SD,4.0
2023-06-23 00:29:31,Joe Musgrove,SD,P,"Jun 23, 2023",WSH,5.0
2023-06-23 00:29:31,J.P. France,HOU,P,"Jun 23, 2023",LAD,4.5
2023-06-23 00:29:31,Emmet Sheehan,LAD,P,"Jun 23, 2023",HOU,4.5
2023-06-23 00:29:31,Zach Davies,ARI,P,"Jun 23, 2023",SF,3.0
2023-06-23 00:29:31,Logan Webb,SF,P,"Jun 23, 2023",ARI,5.0
2023-06-23 03:39:04,AJ Smith-Shawver,ATL,P,"Jun 23, 2023",CIN,4.5
2023-06-23 03:39:04,Luke Weaver,CIN,P,"Jun 23, 2023",ATL,3.5
2023-06-23 03:39:04,Zack Greinke,KC,P,"Jun 23, 2023",TB,3.5
2023-06-23 03:39:04,Zach Eflin,TB,P,"Jun 23, 2023",KC,6.0
2023-06-23 03:39:04,Kenta Maeda,MIN,P,"Jun 23, 2023",DET,4.5
2023-06-23 03:39:04,Joey Wentz,DET,P,"Jun 23, 2023",MIN,5.0
2023-06-23 03:39:05,Luis Ortiz,PIT,P,"Jun 23, 2023",MIA,4.0
2023-06-23 03:39:05,Jes√∫s Luzardo,MIA,P,"Jun 23, 2023",PIT,6.0
2023-06-23 03:39:05,Logan Gilbert,SEA,P,"Jun 23, 2023",BAL,4.5
2023-06-23 03:39:05,Kyle Gibson,BAL,P,"Jun 23, 2023",SEA,5.0
2023-06-23 03:39:05,James Kaprielian,OAK,P,"Jun 23, 2023",TOR,4.0
2023-06-23 03:39:05,Chris Bassitt,TOR,P,"Jun 23, 2023",OAK,5.5
2023-06-23 03:39:05,Wade Miley,MIL,P,"Jun 23, 2023",CLE,3.0
2023-06-23 03:39:05,Shane Bieber,CLE,P,"Jun 23, 2023",MIL,6.0
2023-06-23 03:39:05,Brayan Bello,BOS,P,"Jun 23, 2023",CWS,5.0
2023-06-23 03:39:05,Lucas Giolito,CWS,P,"Jun 23, 2023",BOS,5.5
2023-06-23 03:39:05,Patrick Sandoval,LAA,P,"Jun 23, 2023",COL,5.0
2023-06-23 03:39:06,Kyle Freeland,COL,P,"Jun 23, 2023",LAA,3.5
2023-06-23 03:39:06,Patrick Corbin,WSH,P,"Jun 23, 2023",SD,4.0
2023-06-23 03:39:06,Joe Musgrove,SD,P,"Jun 23, 2023",WSH,5.0
2023-06-23 03:39:06,J.P. France,HOU,P,"Jun 23, 2023",LAD,4.5
2023-06-23 03:39:06,Emmet Sheehan,LAD,P,"Jun 23, 2023",HOU,4.5
2023-06-23 03:39:06,Zach Davies,ARI,P,"Jun 23, 2023",SF,3.0
2023-06-23 03:39:06,Logan Webb,SF,P,"Jun 23, 2023",ARI,5.0
2023-06-23 04:49:29,AJ Smith-Shawver,ATL,P,"Jun 23, 2023",CIN,4.5
2023-06-23 04:49:29,Luke Weaver,CIN,P,"Jun 23, 2023",ATL,3.5
2023-06-23 04:49:29,Zack Greinke,KC,P,"Jun 23, 2023",TB,3.5
2023-06-23 04:49:29,Zach Eflin,TB,P,"Jun 23, 2023",KC,6.0
2023-06-23 04:49:30,Kenta Maeda,MIN,P,"Jun 23, 2023",DET,4.5
2023-06-23 04:49:30,Joey Wentz,DET,P,"Jun 23, 2023",MIN,5.0
2023-06-23 04:49:30,Luis Ortiz,PIT,P,"Jun 23, 2023",MIA,4.0
2023-06-23 04:49:30,Jes√∫s Luzardo,MIA,P,"Jun 23, 2023",PIT,6.0
2023-06-23 04:49:30,Logan Gilbert,SEA,P,"Jun 23, 2023",BAL,4.5
2023-06-23 04:49:30,Kyle Gibson,BAL,P,"Jun 23, 2023",SEA,5.0
2023-06-23 04:49:30,James Kaprielian,OAK,P,"Jun 23, 2023",TOR,4.0
2023-06-23 04:49:30,Chris Bassitt,TOR,P,"Jun 23, 2023",OAK,5.5
2023-06-23 04:49:30,Wade Miley,MIL,P,"Jun 23, 2023",CLE,3.0
2023-06-23 04:49:31,Shane Bieber,CLE,P,"Jun 23, 2023",MIL,6.0
2023-06-23 04:49:31,Brayan Bello,BOS,P,"Jun 23, 2023",CWS,5.0
2023-06-23 04:49:31,Lucas Giolito,CWS,P,"Jun 23, 2023",BOS,5.5
2023-06-23 04:49:31,Patrick Sandoval,LAA,P,"Jun 23, 2023",COL,5.0
2023-06-23 04:49:31,Kyle Freeland,COL,P,"Jun 23, 2023",LAA,3.5
2023-06-23 04:49:31,Patrick Corbin,WSH,P,"Jun 23, 2023",SD,4.0
2023-06-23 04:49:31,Joe Musgrove,SD,P,"Jun 23, 2023",WSH,5.0
2023-06-23 04:49:31,J.P. France,HOU,P,"Jun 23, 2023",LAD,4.5
2023-06-23 04:49:31,Emmet Sheehan,LAD,P,"Jun 23, 2023",HOU,4.5
2023-06-23 04:49:32,Zach Davies,ARI,P,"Jun 23, 2023",SF,3.0
2023-06-23 04:49:32,Logan Webb,SF,P,"Jun 23, 2023",ARI,5.0
2023-06-23 12:00:37,AJ Smith-Shawver,ATL,P,"Jun 23, 2023",CIN,4.5
2023-06-23 12:00:37,Luke Weaver,CIN,P,"Jun 23, 2023",ATL,3.5
2023-06-23 12:00:37,Zack Greinke,KC,P,"Jun 23, 2023",TB,3.5
2023-06-23 12:00:37,Zach Eflin,TB,P,"Jun 23, 2023",KC,6.0
2023-06-23 12:00:37,Kenta Maeda,MIN,P,"Jun 23, 2023",DET,4.5
2023-06-23 12:00:37,Joey Wentz,DET,P,"Jun 23, 2023",MIN,5.0
2023-06-23 12:00:37,Luis Ortiz,PIT,P,"Jun 23, 2023",MIA,4.0
2023-06-23 12:00:38,Jes√∫s Luzardo,MIA,P,"Jun 23, 2023",PIT,6.0
2023-06-23 12:00:38,Kodai Senga,NYM,P,"Jun 23, 2023",PHI,6.0
2023-06-23 12:00:38,Taijuan Walker,PHI,P,"Jun 23, 2023",NYM,4.5
2023-06-23 12:00:38,Logan Gilbert,SEA,P,"Jun 23, 2023",BAL,4.5
2023-06-23 12:00:38,Kyle Gibson,BAL,P,"Jun 23, 2023",SEA,5.0
2023-06-23 12:00:38,Clarke Schmidt,NYY,P,"Jun 23, 2023",TEX,5.0
2023-06-23 12:00:38,James Kaprielian,OAK,P,"Jun 23, 2023",TOR,4.0
2023-06-23 12:00:38,Chris Bassitt,TOR,P,"Jun 23, 2023",OAK,5.5
2023-06-23 12:00:39,Wade Miley,MIL,P,"Jun 23, 2023",CLE,3.0
2023-06-23 12:00:39,Shane Bieber,CLE,P,"Jun 23, 2023",MIL,6.0
2023-06-23 12:00:39,Brayan Bello,BOS,P,"Jun 23, 2023",CWS,5.0
2023-06-23 12:00:39,Lucas Giolito,CWS,P,"Jun 23, 2023",BOS,5.5
2023-06-23 12:00:39,Patrick Sandoval,LAA,P,"Jun 23, 2023",COL,5.0
2023-06-23 12:00:39,Kyle Freeland,COL,P,"Jun 23, 2023",LAA,3.0
2023-06-23 12:00:39,Patrick Corbin,WSH,P,"Jun 23, 2023",SD,4.0
2023-06-23 12:00:40,Joe Musgrove,SD,P,"Jun 23, 2023",WSH,5.0
2023-06-23 12:00:40,J.P. France,HOU,P,"Jun 23, 2023",LAD,4.0
2023-06-23 12:00:40,Emmet Sheehan,LAD,P,"Jun 23, 2023",HOU,4.5
2023-06-23 12:00:40,Zach Davies,ARI,P,"Jun 23, 2023",SF,3.5
2023-06-23 12:00:40,Logan Webb,SF,P,"Jun 23, 2023",ARI,5.5
2023-06-23 13:01:28,AJ Smith-Shawver,ATL,P,"Jun 23, 2023",CIN,4.5
2023-06-23 13:01:28,Luke Weaver,CIN,P,"Jun 23, 2023",ATL,3.5
2023-06-23 13:01:28,Zack Greinke,KC,P,"Jun 23, 2023",TB,3.5
2023-06-23 13:01:28,Zach Eflin,TB,P,"Jun 23, 2023",KC,6.0
2023-06-23 13:01:28,Kenta Maeda,MIN,P,"Jun 23, 2023",DET,4.5
2023-06-23 13:01:29,Joey Wentz,DET,P,"Jun 23, 2023",MIN,5.0
2023-06-23 13:01:29,Luis Ortiz,PIT,P,"Jun 23, 2023",MIA,4.0
2023-06-23 13:01:29,Jes√∫s Luzardo,MIA,P,"Jun 23, 2023",PIT,6.5
2023-06-23 13:01:29,Kodai Senga,NYM,P,"Jun 23, 2023",PHI,6.0
2023-06-23 13:01:29,Taijuan Walker,PHI,P,"Jun 23, 2023",NYM,4.5
2023-06-23 13:01:29,Logan Gilbert,SEA,P,"Jun 23, 2023",BAL,4.5
2023-06-23 13:01:29,Kyle Gibson,BAL,P,"Jun 23, 2023",SEA,5.0
2023-06-23 13:01:29,Clarke Schmidt,NYY,P,"Jun 23, 2023",TEX,5.0
2023-06-23 13:01:29,James Kaprielian,OAK,P,"Jun 23, 2023",TOR,4.0
2023-06-23 13:01:30,Chris Bassitt,TOR,P,"Jun 23, 2023",OAK,5.5
2023-06-23 13:01:30,Wade Miley,MIL,P,"Jun 23, 2023",CLE,3.0
2023-06-23 13:01:30,Shane Bieber,CLE,P,"Jun 23, 2023",MIL,6.0
2023-06-23 13:01:30,Brayan Bello,BOS,P,"Jun 23, 2023",CWS,5.0
2023-06-23 13:01:30,Lucas Giolito,CWS,P,"Jun 23, 2023",BOS,5.5
2023-06-23 13:01:30,Patrick Sandoval,LAA,P,"Jun 23, 2023",COL,5.0
2023-06-23 13:01:30,Kyle Freeland,COL,P,"Jun 23, 2023",LAA,3.0
2023-06-23 13:01:30,Patrick Corbin,WSH,P,"Jun 23, 2023",SD,4.0
2023-06-23 13:01:31,Joe Musgrove,SD,P,"Jun 23, 2023",WSH,5.0
2023-06-23 13:01:31,J.P. France,HOU,P,"Jun 23, 2023",LAD,4.0
2023-06-23 13:01:31,Emmet Sheehan,LAD,P,"Jun 23, 2023",HOU,4.5
2023-06-23 13:01:31,Zach Davies,ARI,P,"Jun 23, 2023",SF,3.5
2023-06-23 13:01:31,Logan Webb,SF,P,"Jun 23, 2023",ARI,5.5
2023-06-23 14:02:11,AJ Smith-Shawver,ATL,P,"Jun 23, 2023",CIN,4.5
2023-06-23 14:02:11,Luke Weaver,CIN,P,"Jun 23, 2023",ATL,4.0
2023-06-23 14:02:11,Zack Greinke,KC,P,"Jun 23, 2023",TB,3.5
2023-06-23 14:02:11,Zach Eflin,TB,P,"Jun 23, 2023",KC,6.0
2023-06-23 14:02:11,Kenta Maeda,MIN,P,"Jun 23, 2023",DET,5.0
2023-06-23 14:02:11,Joey Wentz,DET,P,"Jun 23, 2023",MIN,5.0
2023-06-23 14:02:12,Luis Ortiz,PIT,P,"Jun 23, 2023",MIA,4.0
2023-06-23 14:02:12,Jes√∫s Luzardo,MIA,P,"Jun 23, 2023",PIT,6.5
2023-06-23 14:02:12,Kodai Senga,NYM,P,"Jun 23, 2023",PHI,6.0
2023-06-23 14:02:12,Taijuan Walker,PHI,P,"Jun 23, 2023",NYM,4.5
2023-06-23 14:02:12,Logan Gilbert,SEA,P,"Jun 23, 2023",BAL,4.5
2023-06-23 14:02:12,Kyle Gibson,BAL,P,"Jun 23, 2023",SEA,5.0
2023-06-23 14:02:12,Clarke Schmidt,NYY,P,"Jun 23, 2023",TEX,5.0
2023-06-23 14:02:13,James Kaprielian,OAK,P,"Jun 23, 2023",TOR,4.0
2023-06-23 14:02:13,Chris Bassitt,TOR,P,"Jun 23, 2023",OAK,5.5
2023-06-23 14:02:13,Wade Miley,MIL,P,"Jun 23, 2023",CLE,3.0
2023-06-23 14:02:13,Shane Bieber,CLE,P,"Jun 23, 2023",MIL,6.0
2023-06-23 14:02:13,Brayan Bello,BOS,P,"Jun 23, 2023",CWS,5.0
2023-06-23 14:02:13,Lucas Giolito,CWS,P,"Jun 23, 2023",BOS,5.5
2023-06-23 14:02:13,Patrick Sandoval,LAA,P,"Jun 23, 2023",COL,5.0
2023-06-23 14:02:13,Kyle Freeland,COL,P,"Jun 23, 2023",LAA,3.0
2023-06-23 14:02:13,Patrick Corbin,WSH,P,"Jun 23, 2023",SD,4.0
2023-06-23 14:02:13,Joe Musgrove,SD,P,"Jun 23, 2023",WSH,5.0
2023-06-23 14:02:14,J.P. France,HOU,P,"Jun 23, 2023",LAD,4.0
2023-06-23 14:02:14,Emmet Sheehan,LAD,P,"Jun 23, 2023",HOU,4.5
2023-06-23 14:02:14,Zach Davies,ARI,P,"Jun 23, 2023",SF,3.5
2023-06-23 14:02:14,Logan Webb,SF,P,"Jun 23, 2023",ARI,5.5
2023-06-23 15:02:55,AJ Smith-Shawver,ATL,P,"Jun 23, 2023",CIN,5.0
2023-06-23 15:02:55,Luke Weaver,CIN,P,"Jun 23, 2023",ATL,4.0
2023-06-23 15:02:55,Zack Greinke,KC,P,"Jun 23, 2023",TB,3.5
2023-06-23 15:02:55,Zach Eflin,TB,P,"Jun 23, 2023",KC,6.0
2023-06-23 15:02:55,Kenta Maeda,MIN,P,"Jun 23, 2023",DET,5.0
2023-06-23 15:02:55,Joey Wentz,DET,P,"Jun 23, 2023",MIN,5.0
2023-06-23 15:02:56,Luis Ortiz,PIT,P,"Jun 23, 2023",MIA,4.0
2023-06-23 15:02:56,Jes√∫s Luzardo,MIA,P,"Jun 23, 2023",PIT,6.5
2023-06-23 15:02:56,Kodai Senga,NYM,P,"Jun 23, 2023",PHI,6.0
2023-06-23 15:02:56,Taijuan Walker,PHI,P,"Jun 23, 2023",NYM,4.5
2023-06-23 15:02:56,Logan Gilbert,SEA,P,"Jun 23, 2023",BAL,4.5
2023-06-23 15:02:56,Kyle Gibson,BAL,P,"Jun 23, 2023",SEA,5.0
2023-06-23 15:02:56,Clarke Schmidt,NYY,P,"Jun 23, 2023",TEX,5.0
2023-06-23 15:02:56,James Kaprielian,OAK,P,"Jun 23, 2023",TOR,4.0
2023-06-23 15:02:56,Chris Bassitt,TOR,P,"Jun 23, 2023",OAK,5.5
2023-06-23 15:02:56,Wade Miley,MIL,P,"Jun 23, 2023",CLE,3.0
2023-06-23 15:02:57,Shane Bieber,CLE,P,"Jun 23, 2023",MIL,6.0
2023-06-23 15:02:57,Brayan Bello,BOS,P,"Jun 23, 2023",CWS,5.0
2023-06-23 15:02:57,Lucas Giolito,CWS,P,"Jun 23, 2023",BOS,5.5
2023-06-23 15:02:57,Patrick Sandoval,LAA,P,"Jun 23, 2023",COL,5.0
2023-06-23 15:02:57,Kyle Freeland,COL,P,"Jun 23, 2023",LAA,3.0
2023-06-23 15:02:57,Patrick Corbin,WSH,P,"Jun 23, 2023",SD,4.0
2023-06-23 15:02:57,Joe Musgrove,SD,P,"Jun 23, 2023",WSH,5.0
2023-06-23 15:02:57,J.P. France,HOU,P,"Jun 23, 2023",LAD,4.0
2023-06-23 15:02:57,Emmet Sheehan,LAD,P,"Jun 23, 2023",HOU,4.5
2023-06-23 15:02:58,Zach Davies,ARI,P,"Jun 23, 2023",SF,3.5
2023-06-23 15:02:58,Logan Webb,SF,P,"Jun 23, 2023",ARI,5.5
2023-06-23 16:03:46,AJ Smith-Shawver,ATL,P,"Jun 23, 2023",CIN,5.0
2023-06-23 16:03:47,Luke Weaver,CIN,P,"Jun 23, 2023",ATL,4.0
2023-06-23 16:03:47,Zack Greinke,KC,P,"Jun 23, 2023",TB,3.5
2023-06-23 16:03:47,Zach Eflin,TB,P,"Jun 23, 2023",KC,6.0
2023-06-23 16:03:47,Kenta Maeda,MIN,P,"Jun 23, 2023",DET,5.0
2023-06-23 16:03:47,Joey Wentz,DET,P,"Jun 23, 2023",MIN,4.5
2023-06-23 16:03:47,Luis Ortiz,PIT,P,"Jun 23, 2023",MIA,4.0
2023-06-23 16:03:47,Jes√∫s Luzardo,MIA,P,"Jun 23, 2023",PIT,6.5
2023-06-23 16:03:47,Kodai Senga,NYM,P,"Jun 23, 2023",PHI,6.0
2023-06-23 16:03:47,Taijuan Walker,PHI,P,"Jun 23, 2023",NYM,4.5
2023-06-23 16:03:48,Logan Gilbert,SEA,P,"Jun 23, 2023",BAL,4.5
2023-06-23 16:03:48,Kyle Gibson,BAL,P,"Jun 23, 2023",SEA,5.0
2023-06-23 16:03:48,Clarke Schmidt,NYY,P,"Jun 23, 2023",TEX,5.0
2023-06-23 16:03:48,Dane Dunning,TEX,P,"Jun 23, 2023",NYY,4.0
2023-06-23 16:03:48,James Kaprielian,OAK,P,"Jun 23, 2023",TOR,3.5
2023-06-23 16:03:48,Chris Bassitt,TOR,P,"Jun 23, 2023",OAK,5.5
2023-06-23 16:03:48,Wade Miley,MIL,P,"Jun 23, 2023",CLE,3.0
2023-06-23 16:03:48,Shane Bieber,CLE,P,"Jun 23, 2023",MIL,6.0
2023-06-23 16:03:48,Brayan Bello,BOS,P,"Jun 23, 2023",CWS,5.0
2023-06-23 16:03:48,Lucas Giolito,CWS,P,"Jun 23, 2023",BOS,5.5
2023-06-23 16:03:49,Patrick Sandoval,LAA,P,"Jun 23, 2023",COL,5.0
2023-06-23 16:03:49,Kyle Freeland,COL,P,"Jun 23, 2023",LAA,3.0
2023-06-23 16:03:49,Patrick Corbin,WSH,P,"Jun 23, 2023",SD,4.0
2023-06-23 16:03:49,Joe Musgrove,SD,P,"Jun 23, 2023",WSH,5.0
2023-06-23 16:03:49,J.P. France,HOU,P,"Jun 23, 2023",LAD,4.0
2023-06-23 16:03:49,Emmet Sheehan,LAD,P,"Jun 23, 2023",HOU,4.5
2023-06-23 16:03:49,Zach Davies,ARI,P,"Jun 23, 2023",SF,3.5
2023-06-23 16:03:49,Logan Webb,SF,P,"Jun 23, 2023",ARI,5.5
2023-06-23 23:06:02,Justin Steele,CHC,P,"Jun 24, 2023",STL,4.0
2023-06-23 23:06:02,Adam Wainwright,STL,P,"Jun 24, 2023",CHC,3.5
2023-06-24 00:00:35,Justin Steele,CHC,P,"Jun 24, 2023",STL,4.0
2023-06-24 00:00:35,Adam Wainwright,STL,P,"Jun 24, 2023",CHC,3.5
2023-06-24 02:07:34,Justin Steele,CHC,P,"Jun 24, 2023",STL,4.0
2023-06-24 02:07:34,Adam Wainwright,STL,P,"Jun 24, 2023",CHC,3.5
2023-06-24 02:07:35,Dean Kremer,BAL,P,"Jun 24, 2023",SEA,5.5
2023-06-24 02:07:35,Jon Gray,TEX,P,"Jun 24, 2023",NYY,5.5
2023-06-24 02:07:35,Luis Severino,NYY,P,"Jun 24, 2023",TEX,5.5
2023-06-24 02:07:35,Jos√© Berr√≠os,TOR,P,"Jun 24, 2023",OAK,5.5
2023-06-24 02:07:35,James Paxton,BOS,P,"Jun 24, 2023",CWS,7.0
2023-06-24 02:07:35,Yonny Chirinos,TB,P,"Jun 24, 2023",KC,3.5
2023-06-24 02:07:35,Freddy Peralta,MIL,P,"Jun 24, 2023",CLE,5.0
2023-06-24 02:07:35,Tanner Bibee,CLE,P,"Jun 24, 2023",MIL,5.5
2023-06-24 02:07:35,Josiah Gray,WSH,P,"Jun 24, 2023",SD,4.5
2023-06-24 03:07:42,Justin Steele,CHC,P,"Jun 24, 2023",STL,4.0
2023-06-24 03:07:42,Adam Wainwright,STL,P,"Jun 24, 2023",CHC,3.5
2023-06-24 03:07:43,Cristopher S√°nchez,PHI,P,"Jun 24, 2023",NYM,4.0
2023-06-24 03:07:43,Max Scherzer,NYM,P,"Jun 24, 2023",PHI,6.5
2023-06-24 03:07:44,Dean Kremer,BAL,P,"Jun 24, 2023",SEA,5.5
2023-06-24 03:07:44,Jon Gray,TEX,P,"Jun 24, 2023",NYY,5.5
2023-06-24 03:07:44,Luis Severino,NYY,P,"Jun 24, 2023",TEX,5.5
2023-06-24 03:07:44,Jos√© Berr√≠os,TOR,P,"Jun 24, 2023",OAK,5.5
2023-06-24 03:07:45,Graham Ashcraft,CIN,P,"Jun 24, 2023",ATL,3.5
2023-06-24 03:07:45,James Paxton,BOS,P,"Jun 24, 2023",CWS,7.0
2023-06-24 03:07:45,Yonny Chirinos,TB,P,"Jun 24, 2023",KC,3.5
2023-06-24 03:07:45,Freddy Peralta,MIL,P,"Jun 24, 2023",CLE,5.0
2023-06-24 03:07:45,Tanner Bibee,CLE,P,"Jun 24, 2023",MIL,5.5
2023-06-24 03:07:46,Pablo L√≥pez,MIN,P,"Jun 24, 2023",DET,6.5
2023-06-24 03:07:46,Reese Olson,DET,P,"Jun 24, 2023",MIN,5.5
2023-06-24 03:07:46,Josiah Gray,WSH,P,"Jun 24, 2023",SD,4.5
2023-06-24 03:07:46,Chase Anderson,COL,P,"Jun 24, 2023",LAA,4.0
2023-06-24 03:07:46,Griffin Canning,LAA,P,"Jun 24, 2023",COL,5.0
2023-06-24 03:08:26,Justin Steele,CHC,P,"Jun 24, 2023",STL,4.0
2023-06-24 03:08:27,Adam Wainwright,STL,P,"Jun 24, 2023",CHC,3.5
2023-06-24 03:08:27,Cristopher S√°nchez,PHI,P,"Jun 24, 2023",NYM,4.0
2023-06-24 03:08:27,Max Scherzer,NYM,P,"Jun 24, 2023",PHI,6.5
2023-06-24 03:08:27,Dean Kremer,BAL,P,"Jun 24, 2023",SEA,5.5
2023-06-24 03:08:27,Jon Gray,TEX,P,"Jun 24, 2023",NYY,5.5
2023-06-24 03:08:27,Luis Severino,NYY,P,"Jun 24, 2023",TEX,5.5
2023-06-24 03:08:27,Jos√© Berr√≠os,TOR,P,"Jun 24, 2023",OAK,5.5
2023-06-24 03:08:27,Graham Ashcraft,CIN,P,"Jun 24, 2023",ATL,3.5
2023-06-24 03:08:27,James Paxton,BOS,P,"Jun 24, 2023",CWS,7.0
2023-06-24 03:08:28,Yonny Chirinos,TB,P,"Jun 24, 2023",KC,3.5
2023-06-24 03:08:28,Freddy Peralta,MIL,P,"Jun 24, 2023",CLE,5.0
2023-06-24 03:08:28,Tanner Bibee,CLE,P,"Jun 24, 2023",MIL,5.5
2023-06-24 03:08:28,Pablo L√≥pez,MIN,P,"Jun 24, 2023",DET,6.5
2023-06-24 03:08:28,Reese Olson,DET,P,"Jun 24, 2023",MIN,5.5
2023-06-24 03:08:28,Josiah Gray,WSH,P,"Jun 24, 2023",SD,4.5
2023-06-24 03:08:28,Chase Anderson,COL,P,"Jun 24, 2023",LAA,4.0
2023-06-24 03:08:28,Griffin Canning,LAA,P,"Jun 24, 2023",COL,5.0
2023-06-24 04:11:04,Justin Steele,CHC,P,"Jun 24, 2023",STL,4.0
2023-06-24 04:11:04,Adam Wainwright,STL,P,"Jun 24, 2023",CHC,3.0
2023-06-24 04:11:04,Cristopher S√°nchez,PHI,P,"Jun 24, 2023",NYM,4.0
2023-06-24 04:11:04,Max Scherzer,NYM,P,"Jun 24, 2023",PHI,6.5
2023-06-24 04:11:04,Dean Kremer,BAL,P,"Jun 24, 2023",SEA,5.5
2023-06-24 04:11:04,Jon Gray,TEX,P,"Jun 24, 2023",NYY,5.5
2023-06-24 04:11:04,Luis Severino,NYY,P,"Jun 24, 2023",TEX,5.5
2023-06-24 04:11:04,Jos√© Berr√≠os,TOR,P,"Jun 24, 2023",OAK,5.5
2023-06-24 04:11:04,James Paxton,BOS,P,"Jun 24, 2023",CWS,7.0
2023-06-24 04:11:04,Yonny Chirinos,TB,P,"Jun 24, 2023",KC,3.5
2023-06-24 04:11:05,Freddy Peralta,MIL,P,"Jun 24, 2023",CLE,5.0
2023-06-24 04:11:05,Tanner Bibee,CLE,P,"Jun 24, 2023",MIL,5.5
2023-06-24 04:11:05,Bobby Miller,LAD,P,"Jun 24, 2023",HOU,5.0
2023-06-24 04:11:05,Ronel Blanco,HOU,P,"Jun 24, 2023",LAD,4.5
2023-06-24 04:11:05,Pablo L√≥pez,MIN,P,"Jun 24, 2023",DET,6.5
2023-06-24 04:11:05,Reese Olson,DET,P,"Jun 24, 2023",MIN,5.5
2023-06-24 04:11:05,Josiah Gray,WSH,P,"Jun 24, 2023",SD,4.5
2023-06-24 04:11:05,Chase Anderson,COL,P,"Jun 24, 2023",LAA,4.0
2023-06-24 04:11:05,Griffin Canning,LAA,P,"Jun 24, 2023",COL,5.0
2023-06-24 05:11:45,Justin Steele,CHC,P,"Jun 24, 2023",STL,4.0
2023-06-24 05:11:45,Adam Wainwright,STL,P,"Jun 24, 2023",CHC,3.0
2023-06-24 05:11:46,Cristopher S√°nchez,PHI,P,"Jun 24, 2023",NYM,4.0
2023-06-24 05:11:46,Max Scherzer,NYM,P,"Jun 24, 2023",PHI,6.5
2023-06-24 05:11:46,Dean Kremer,BAL,P,"Jun 24, 2023",SEA,5.5
2023-06-24 05:11:46,Jon Gray,TEX,P,"Jun 24, 2023",NYY,5.5
2023-06-24 05:11:46,Luis Severino,NYY,P,"Jun 24, 2023",TEX,5.5
2023-06-24 05:11:46,Jos√© Berr√≠os,TOR,P,"Jun 24, 2023",OAK,5.5
2023-06-24 05:11:46,James Paxton,BOS,P,"Jun 24, 2023",CWS,7.0
2023-06-24 05:11:46,Yonny Chirinos,TB,P,"Jun 24, 2023",KC,3.5
2023-06-24 05:11:46,Freddy Peralta,MIL,P,"Jun 24, 2023",CLE,5.0
2023-06-24 05:11:46,Tanner Bibee,CLE,P,"Jun 24, 2023",MIL,5.5
2023-06-24 05:11:47,Bobby Miller,LAD,P,"Jun 24, 2023",HOU,5.0
2023-06-24 05:11:47,Ronel Blanco,HOU,P,"Jun 24, 2023",LAD,4.5
2023-06-24 05:11:47,Pablo L√≥pez,MIN,P,"Jun 24, 2023",DET,6.5
2023-06-24 05:11:47,Reese Olson,DET,P,"Jun 24, 2023",MIN,5.5
2023-06-24 05:11:47,Josiah Gray,WSH,P,"Jun 24, 2023",SD,4.5
2023-06-24 05:11:47,Chase Anderson,COL,P,"Jun 24, 2023",LAA,4.0
2023-06-24 05:11:47,Griffin Canning,LAA,P,"Jun 24, 2023",COL,5.0
2023-06-24 06:09:19,Adam Wainwright,STL,P,"Jun 24, 2023",CHC,3.0
2023-06-24 06:09:19,Cristopher S√°nchez,PHI,P,"Jun 24, 2023",NYM,4.0
2023-06-24 06:09:19,Max Scherzer,NYM,P,"Jun 24, 2023",PHI,6.5
2023-06-24 06:09:20,Dean Kremer,BAL,P,"Jun 24, 2023",SEA,5.5
2023-06-24 06:09:20,Jon Gray,TEX,P,"Jun 24, 2023",NYY,5.5
2023-06-24 06:09:20,Luis Severino,NYY,P,"Jun 24, 2023",TEX,5.5
2023-06-24 06:09:20,Jos√© Berr√≠os,TOR,P,"Jun 24, 2023",OAK,5.5
2023-06-24 06:09:20,James Paxton,BOS,P,"Jun 24, 2023",CWS,7.0
2023-06-24 06:09:20,Tanner Bibee,CLE,P,"Jun 24, 2023",MIL,5.5
2023-06-24 06:09:20,Bobby Miller,LAD,P,"Jun 24, 2023",HOU,5.0
2023-06-24 06:09:20,Ronel Blanco,HOU,P,"Jun 24, 2023",LAD,4.5
2023-06-24 06:09:21,Reese Olson,DET,P,"Jun 24, 2023",MIN,5.5
2023-06-24 06:09:21,Josiah Gray,WSH,P,"Jun 24, 2023",SD,4.5
2023-06-24 06:09:21,Chase Anderson,COL,P,"Jun 24, 2023",LAA,4.0
2023-06-24 06:09:21,Griffin Canning,LAA,P,"Jun 24, 2023",COL,5.0
2023-06-24 08:13:22,Justin Steele,CHC,P,"Jun 24, 2023",STL,4.0
2023-06-24 08:13:22,Adam Wainwright,STL,P,"Jun 24, 2023",CHC,3.0
2023-06-24 08:13:22,Cristopher S√°nchez,PHI,P,"Jun 24, 2023",NYM,4.0
2023-06-24 08:13:22,Max Scherzer,NYM,P,"Jun 24, 2023",PHI,6.5
2023-06-24 08:13:22,Dean Kremer,BAL,P,"Jun 24, 2023",SEA,5.5
2023-06-24 08:13:22,Jon Gray,TEX,P,"Jun 24, 2023",NYY,5.5
2023-06-24 08:13:22,Luis Severino,NYY,P,"Jun 24, 2023",TEX,5.5
2023-06-24 08:13:23,Jos√© Berr√≠os,TOR,P,"Jun 24, 2023",OAK,5.0
2023-06-24 08:13:23,Graham Ashcraft,CIN,P,"Jun 24, 2023",ATL,3.5
2023-06-24 08:13:23,James Paxton,BOS,P,"Jun 24, 2023",CWS,7.0
2023-06-24 08:13:23,Yonny Chirinos,TB,P,"Jun 24, 2023",KC,3.5
2023-06-24 08:13:23,Freddy Peralta,MIL,P,"Jun 24, 2023",CLE,4.5
2023-06-24 08:13:23,Tanner Bibee,CLE,P,"Jun 24, 2023",MIL,5.5
2023-06-24 08:13:23,Bobby Miller,LAD,P,"Jun 24, 2023",HOU,5.0
2023-06-24 08:13:23,Ronel Blanco,HOU,P,"Jun 24, 2023",LAD,4.0
2023-06-24 08:13:24,Pablo L√≥pez,MIN,P,"Jun 24, 2023",DET,7.0
2023-06-24 08:13:24,Reese Olson,DET,P,"Jun 24, 2023",MIN,5.5
2023-06-24 08:13:24,Josiah Gray,WSH,P,"Jun 24, 2023",SD,4.5
2023-06-24 08:13:24,Chase Anderson,COL,P,"Jun 24, 2023",LAA,4.0
2023-06-24 08:13:24,Griffin Canning,LAA,P,"Jun 24, 2023",COL,5.0
2023-06-24 09:11:56,Justin Steele,CHC,P,"Jun 24, 2023",STL,4.0
2023-06-24 09:11:56,Adam Wainwright,STL,P,"Jun 24, 2023",CHC,3.0
2023-06-24 09:11:56,Merrill Kelly,ARI,P,"Jun 24, 2023",SF,5.5
2023-06-24 09:11:56,Cristopher S√°nchez,PHI,P,"Jun 24, 2023",NYM,4.0
2023-06-24 09:11:56,Max Scherzer,NYM,P,"Jun 24, 2023",PHI,6.5
2023-06-24 09:11:57,Bryce Miller,SEA,P,"Jun 24, 2023",BAL,4.0
2023-06-24 09:11:57,Dean Kremer,BAL,P,"Jun 24, 2023",SEA,5.5
2023-06-24 09:11:57,Jon Gray,TEX,P,"Jun 24, 2023",NYY,5.5
2023-06-24 09:11:57,Luis Severino,NYY,P,"Jun 24, 2023",TEX,5.5
2023-06-24 09:11:57,Jos√© Berr√≠os,TOR,P,"Jun 24, 2023",OAK,5.0
2023-06-24 09:11:57,Hogan Harris,OAK,P,"Jun 24, 2023",TOR,3.5
2023-06-24 09:11:57,Jared Shuster,ATL,P,"Jun 24, 2023",CIN,4.0
2023-06-24 09:11:57,Graham Ashcraft,CIN,P,"Jun 24, 2023",ATL,3.5
2023-06-24 09:11:57,James Paxton,BOS,P,"Jun 24, 2023",CWS,7.0
2023-06-24 09:11:58,Lance Lynn,CWS,P,"Jun 24, 2023",BOS,6.5
2023-06-24 09:11:58,Yonny Chirinos,TB,P,"Jun 24, 2023",KC,3.5
2023-06-24 09:11:58,Jordan Lyles,KC,P,"Jun 24, 2023",TB,4.0
2023-06-24 09:11:58,Freddy Peralta,MIL,P,"Jun 24, 2023",CLE,4.5
2023-06-24 09:11:58,Tanner Bibee,CLE,P,"Jun 24, 2023",MIL,5.5
2023-06-24 09:11:58,Osvaldo Bido,PIT,P,"Jun 24, 2023",MIA,4.5
2023-06-24 09:11:58,Bobby Miller,LAD,P,"Jun 24, 2023",HOU,5.0
2023-06-24 09:11:58,Ronel Blanco,HOU,P,"Jun 24, 2023",LAD,4.0
2023-06-24 09:11:58,Pablo L√≥pez,MIN,P,"Jun 24, 2023",DET,7.0
2023-06-24 09:11:59,Reese Olson,DET,P,"Jun 24, 2023",MIN,5.5
2023-06-24 09:11:59,Josiah Gray,WSH,P,"Jun 24, 2023",SD,4.5
2023-06-24 09:11:59,Chase Anderson,COL,P,"Jun 24, 2023",LAA,4.0
2023-06-24 09:11:59,Griffin Canning,LAA,P,"Jun 24, 2023",COL,5.0
2023-06-24 09:14:07,Justin Steele,CHC,P,"Jun 24, 2023",STL,4.0
2023-06-24 09:14:07,Adam Wainwright,STL,P,"Jun 24, 2023",CHC,3.0
2023-06-24 09:14:07,Merrill Kelly,ARI,P,"Jun 24, 2023",SF,5.5
2023-06-24 09:14:07,Cristopher S√°nchez,PHI,P,"Jun 24, 2023",NYM,4.0
2023-06-24 09:14:07,Max Scherzer,NYM,P,"Jun 24, 2023",PHI,6.5
2023-06-24 09:14:08,Bryce Miller,SEA,P,"Jun 24, 2023",BAL,4.0
2023-06-24 09:14:08,Dean Kremer,BAL,P,"Jun 24, 2023",SEA,5.5
2023-06-24 09:14:08,Jon Gray,TEX,P,"Jun 24, 2023",NYY,5.5
2023-06-24 09:14:08,Luis Severino,NYY,P,"Jun 24, 2023",TEX,5.5
2023-06-24 09:14:08,Jos√© Berr√≠os,TOR,P,"Jun 24, 2023",OAK,5.0
2023-06-24 09:14:08,Hogan Harris,OAK,P,"Jun 24, 2023",TOR,3.5
2023-06-24 09:14:08,Jared Shuster,ATL,P,"Jun 24, 2023",CIN,4.0
2023-06-24 09:14:08,Graham Ashcraft,CIN,P,"Jun 24, 2023",ATL,3.5
2023-06-24 09:14:08,James Paxton,BOS,P,"Jun 24, 2023",CWS,7.0
2023-06-24 09:14:09,Lance Lynn,CWS,P,"Jun 24, 2023",BOS,6.5
2023-06-24 09:14:09,Yonny Chirinos,TB,P,"Jun 24, 2023",KC,3.5
2023-06-24 09:14:09,Jordan Lyles,KC,P,"Jun 24, 2023",TB,4.0
2023-06-24 09:14:09,Freddy Peralta,MIL,P,"Jun 24, 2023",CLE,4.5
2023-06-24 09:14:09,Tanner Bibee,CLE,P,"Jun 24, 2023",MIL,5.5
2023-06-24 09:14:09,Osvaldo Bido,PIT,P,"Jun 24, 2023",MIA,4.5
2023-06-24 09:14:09,Bobby Miller,LAD,P,"Jun 24, 2023",HOU,5.0
2023-06-24 09:14:09,Ronel Blanco,HOU,P,"Jun 24, 2023",LAD,4.0
2023-06-24 09:14:09,Pablo L√≥pez,MIN,P,"Jun 24, 2023",DET,7.0
2023-06-24 09:14:09,Reese Olson,DET,P,"Jun 24, 2023",MIN,5.5
2023-06-24 09:14:10,Josiah Gray,WSH,P,"Jun 24, 2023",SD,4.5
2023-06-24 09:14:10,Chase Anderson,COL,P,"Jun 24, 2023",LAA,4.0
2023-06-24 09:14:10,Griffin Canning,LAA,P,"Jun 24, 2023",COL,5.0
2023-06-24 10:12:40,Justin Steele,CHC,P,"Jun 24, 2023",STL,4.0
2023-06-24 10:12:40,Adam Wainwright,STL,P,"Jun 24, 2023",CHC,3.0
2023-06-24 10:12:40,Merrill Kelly,ARI,P,"Jun 24, 2023",SF,5.5
2023-06-24 10:12:40,Cristopher S√°nchez,PHI,P,"Jun 24, 2023",NYM,4.0
2023-06-24 10:12:40,Max Scherzer,NYM,P,"Jun 24, 2023",PHI,6.5
2023-06-24 10:12:40,Bryce Miller,SEA,P,"Jun 24, 2023",BAL,4.0
2023-06-24 10:12:40,Dean Kremer,BAL,P,"Jun 24, 2023",SEA,5.5
2023-06-24 10:12:41,Jon Gray,TEX,P,"Jun 24, 2023",NYY,5.5
2023-06-24 10:12:41,Luis Severino,NYY,P,"Jun 24, 2023",TEX,5.0
2023-06-24 10:12:41,Jos√© Berr√≠os,TOR,P,"Jun 24, 2023",OAK,5.0
2023-06-24 10:12:41,Hogan Harris,OAK,P,"Jun 24, 2023",TOR,3.5
2023-06-24 10:12:41,Jared Shuster,ATL,P,"Jun 24, 2023",CIN,4.0
2023-06-24 10:12:41,Graham Ashcraft,CIN,P,"Jun 24, 2023",ATL,3.5
2023-06-24 10:12:41,James Paxton,BOS,P,"Jun 24, 2023",CWS,7.0
2023-06-24 10:12:41,Lance Lynn,CWS,P,"Jun 24, 2023",BOS,6.5
2023-06-24 10:12:41,Yonny Chirinos,TB,P,"Jun 24, 2023",KC,3.5
2023-06-24 10:12:41,Jordan Lyles,KC,P,"Jun 24, 2023",TB,4.0
2023-06-24 10:12:41,Freddy Peralta,MIL,P,"Jun 24, 2023",CLE,4.5
2023-06-24 10:12:42,Tanner Bibee,CLE,P,"Jun 24, 2023",MIL,5.5
2023-06-24 10:12:42,Osvaldo Bido,PIT,P,"Jun 24, 2023",MIA,4.5
2023-06-24 10:12:42,Bobby Miller,LAD,P,"Jun 24, 2023",HOU,5.0
2023-06-24 10:12:42,Ronel Blanco,HOU,P,"Jun 24, 2023",LAD,4.0
2023-06-24 10:12:42,Pablo L√≥pez,MIN,P,"Jun 24, 2023",DET,7.0
2023-06-24 10:12:42,Reese Olson,DET,P,"Jun 24, 2023",MIN,5.5
2023-06-24 10:12:42,Josiah Gray,WSH,P,"Jun 24, 2023",SD,4.5
2023-06-24 10:12:42,Chase Anderson,COL,P,"Jun 24, 2023",LAA,4.0
2023-06-24 10:12:42,Griffin Canning,LAA,P,"Jun 24, 2023",COL,5.0
2023-06-24 10:14:47,Justin Steele,CHC,P,"Jun 24, 2023",STL,4.0
2023-06-24 10:14:47,Adam Wainwright,STL,P,"Jun 24, 2023",CHC,3.0
2023-06-24 10:14:47,Merrill Kelly,ARI,P,"Jun 24, 2023",SF,5.5
2023-06-24 10:14:47,Cristopher S√°nchez,PHI,P,"Jun 24, 2023",NYM,4.0
2023-06-24 10:14:47,Max Scherzer,NYM,P,"Jun 24, 2023",PHI,6.5
2023-06-24 10:14:47,Bryce Miller,SEA,P,"Jun 24, 2023",BAL,4.0
2023-06-24 10:14:47,Dean Kremer,BAL,P,"Jun 24, 2023",SEA,5.5
2023-06-24 10:14:47,Jon Gray,TEX,P,"Jun 24, 2023",NYY,5.5
2023-06-24 10:14:47,Luis Severino,NYY,P,"Jun 24, 2023",TEX,5.0
2023-06-24 10:14:48,Jos√© Berr√≠os,TOR,P,"Jun 24, 2023",OAK,5.0
2023-06-24 10:14:48,Hogan Harris,OAK,P,"Jun 24, 2023",TOR,3.5
2023-06-24 10:14:48,Jared Shuster,ATL,P,"Jun 24, 2023",CIN,4.0
2023-06-24 10:14:48,Graham Ashcraft,CIN,P,"Jun 24, 2023",ATL,3.5
2023-06-24 10:14:48,James Paxton,BOS,P,"Jun 24, 2023",CWS,7.0
2023-06-24 10:14:48,Lance Lynn,CWS,P,"Jun 24, 2023",BOS,6.5
2023-06-24 10:14:48,Yonny Chirinos,TB,P,"Jun 24, 2023",KC,3.5
2023-06-24 10:14:48,Jordan Lyles,KC,P,"Jun 24, 2023",TB,4.0
2023-06-24 10:14:48,Freddy Peralta,MIL,P,"Jun 24, 2023",CLE,4.5
2023-06-24 10:14:49,Tanner Bibee,CLE,P,"Jun 24, 2023",MIL,5.5
2023-06-24 10:14:49,Osvaldo Bido,PIT,P,"Jun 24, 2023",MIA,4.5
2023-06-24 10:14:49,Bobby Miller,LAD,P,"Jun 24, 2023",HOU,5.0
2023-06-24 10:14:49,Ronel Blanco,HOU,P,"Jun 24, 2023",LAD,4.0
2023-06-24 10:14:49,Pablo L√≥pez,MIN,P,"Jun 24, 2023",DET,7.0
2023-06-24 10:14:49,Reese Olson,DET,P,"Jun 24, 2023",MIN,5.5
2023-06-24 10:14:49,Josiah Gray,WSH,P,"Jun 24, 2023",SD,4.5
2023-06-24 10:14:49,Chase Anderson,COL,P,"Jun 24, 2023",LAA,4.0
2023-06-24 10:14:49,Griffin Canning,LAA,P,"Jun 24, 2023",COL,5.0
2023-06-24 13:18:56,Merrill Kelly,ARI,P,"Jun 24, 2023",SF,5.5
2023-06-24 13:18:56,Cristopher S√°nchez,PHI,P,"Jun 24, 2023",NYM,4.0
2023-06-24 13:18:57,Max Scherzer,NYM,P,"Jun 24, 2023",PHI,6.5
2023-06-24 13:18:57,Bryce Miller,SEA,P,"Jun 24, 2023",BAL,4.0
2023-06-24 13:18:57,Dean Kremer,BAL,P,"Jun 24, 2023",SEA,5.0
2023-06-24 13:18:57,Jon Gray,TEX,P,"Jun 24, 2023",NYY,5.0
2023-06-24 13:18:57,Luis Severino,NYY,P,"Jun 24, 2023",TEX,5.5
2023-06-24 13:18:57,Jos√© Berr√≠os,TOR,P,"Jun 24, 2023",OAK,5.0
2023-06-24 13:18:57,Jared Shuster,ATL,P,"Jun 24, 2023",CIN,4.0
2023-06-24 13:18:57,Graham Ashcraft,CIN,P,"Jun 24, 2023",ATL,3.5
2023-06-24 13:18:58,James Paxton,BOS,P,"Jun 24, 2023",CWS,7.0
2023-06-24 13:18:58,Lance Lynn,CWS,P,"Jun 24, 2023",BOS,6.5
2023-06-24 13:18:58,Yonny Chirinos,TB,P,"Jun 24, 2023",KC,3.5
2023-06-24 13:18:58,Jordan Lyles,KC,P,"Jun 24, 2023",TB,4.5
2023-06-24 13:18:58,Freddy Peralta,MIL,P,"Jun 24, 2023",CLE,4.5
2023-06-24 13:18:58,Tanner Bibee,CLE,P,"Jun 24, 2023",MIL,5.5
2023-06-24 13:18:58,Osvaldo Bido,PIT,P,"Jun 24, 2023",MIA,4.0
2023-06-24 13:18:58,Bobby Miller,LAD,P,"Jun 24, 2023",HOU,5.0
2023-06-24 13:18:58,Ronel Blanco,HOU,P,"Jun 24, 2023",LAD,4.0
2023-06-24 13:18:58,Pablo L√≥pez,MIN,P,"Jun 24, 2023",DET,7.0
2023-06-24 13:18:59,Reese Olson,DET,P,"Jun 24, 2023",MIN,5.5
2023-06-24 13:18:59,Josiah Gray,WSH,P,"Jun 24, 2023",SD,4.5
2023-06-24 13:18:59,Chase Anderson,COL,P,"Jun 24, 2023",LAA,4.0
2023-06-24 13:18:59,Griffin Canning,LAA,P,"Jun 24, 2023",COL,5.0
